第1名, 2414328,美国最高法院取消宪法规定的堕胎权
第2名,音乐 1734530,My love
第3名, 1413053,中国花游世锦赛第四金
第4名, ,万茜双汇调味品代言人
第5名, 1339553,女子半边脸凹陷疑基因突变
第6名, 1204161,河南分数线
第7名, 1070345,武汉公交 头文字D
第8名, ,说唱巅峰real一点
第9名,剧集 953652,赵盼儿发现三千贯
第10名, 946021,台湾出现首例猴痘确诊病例
第11名, 815826,河南高考成绩
第12名,剧集 794039,顾千帆 戏份
第13名, 739508,空调开26度真的省电吗
第14名,综艺 666703,张艺兴被撒狗粮
第15名,剧集 555703,池衙内让赵盼儿下跪磕头
第16名, 527834,丹东市长称将深刻反思
第17名, 514442,跷二郎腿会让脸变大
第18名, 491909,朱正廷方发声明
第19名, 483563,遇到丧尸如何逃生
第20名, 399430,怎么看待恋爱欲消失
第21名, 346955,北京持续发现感染者
第22名, 316837,6种智齿建议尽早拔
第23名,综艺 303909,丁程鑫找赵今麦转账
第24名,剧集 294443,良辰好景知几何原著作者回应何超莲
第25名,剧集 291870,宋引章反击沈如琢
第26名, 282625,多地过度防疫被通报
第27名, 259856,江苏高考670分及以上101人
第28名, 245753,南京一老师被指训斥学生言语过激
第29名, 241896,官方通报违反九不准典型案例
第30名, 239902,江苏高考成绩
第31名, 236465,牺牲缉毒警缴毒超1727公斤
第32名, 205497,乘客发病失禁女司机全程悉心照料
第33名,综艺 205312,被蔡徐坤金靖笑死
第34名,剧集 205139,林月如是仙剑一的意难平吗
第35名,综艺 204840,韩东君车技
第36名,综艺 204599,向往的生活
第37名, 204454,河北高考分数线
第38名, 196535,上海晚霞
第39名, 193308,猴痘的罪魁祸首不是猴子
第40名, 177582,中国人民银行科技司原司长王永红被双开
第41名, 160299,迪拜超市杨梅每颗最高10美元
第42名, 150633,女孩被求婚崩溃大喊我没化妆
第43名,综艺 145101,王心凌准备十一页PPT
第44名,音乐 144236,后街男孩 我的青春回来了
第45名, 129382,郑州气温42.3度突破建站历史极值
第46名, 111381,女生夏天穿裙子该怎么蹲
第47名, 105296,被生活可爱到了
第48名, 104617,二哈终于找到了自己的知音
第49名, 99692,义墩墩入驻微博啦
